step,epoch,delay_ms,path_type,switched,delta_delay_ms
0,2025-12-05 06:00:00.000,18.80284023284912,sat,0,
1,2025-12-05 06:00:10.000,18.637479782104492,sat,0,
2,2025-12-05 06:00:20.000,18.472529411315918,sat,0,
3,2025-12-05 06:00:30.000,29.614614486694336,sat,1,11.142085075378418
4,2025-12-05 06:00:40.000,29.372841835021973,sat,0,
5,2025-12-05 06:00:50.000,24.81877899169922,sat,1,-4.554062843322754
6,2025-12-05 06:01:00.000,24.59947443008423,sat,0,
7,2025-12-05 06:01:10.000,24.423606395721436,sat,0,
8,2025-12-05 06:01:20.000,24.29179573059082,sat,1,-0.13181066513061523
9,2025-12-05 06:01:30.000,24.20338010787964,sat,0,
10,2025-12-05 06:01:40.000,24.156516551971436,sat,0,
11,2025-12-05 06:01:50.000,24.148428440093994,sat,0,
12,2025-12-05 06:02:00.000,24.175734996795654,sat,0,
13,2025-12-05 06:02:10.000,24.234777450561523,sat,0,
14,2025-12-05 06:02:20.000,24.321892261505127,sat,0,
15,2025-12-05 06:02:30.000,24.4335994720459,sat,0,
16,2025-12-05 06:02:40.000,12.5135498046875,sat,1,-11.920049667358398
17,2025-12-05 06:02:50.000,12.446297645568848,sat,0,
18,2025-12-05 06:03:00.000,12.37825870513916,sat,0,
19,2025-12-05 06:03:10.000,12.30945110321045,sat,0,
20,2025-12-05 06:03:20.000,12.239891052246094,sat,0,
21,2025-12-05 06:03:30.000,12.169596672058105,sat,0,
22,2025-12-05 06:03:40.000,12.09858512878418,sat,0,
23,2025-12-05 06:03:50.000,12.026876449584961,sat,0,
24,2025-12-05 06:04:00.000,11.954488754272461,sat,0,
25,2025-12-05 06:04:10.000,11.881442070007324,sat,0,
26,2025-12-05 06:04:20.000,11.807755470275879,sat,0,
27,2025-12-05 06:04:30.000,11.73344898223877,sat,0,
28,2025-12-05 06:04:40.000,11.658544540405273,sat,0,
29,2025-12-05 06:04:50.000,11.583063125610352,sat,0,
30,2025-12-05 06:05:00.000,11.507027626037598,sat,0,
31,2025-12-05 06:05:10.000,11.430458068847656,sat,0,
32,2025-12-05 06:05:20.000,11.353378295898438,sat,0,
33,2025-12-05 06:05:30.000,11.275813102722168,sat,0,
34,2025-12-05 06:05:40.000,11.197785377502441,sat,0,
35,2025-12-05 06:05:50.000,11.119318962097168,sat,0,
36,2025-12-05 06:06:00.000,11.040440559387207,sat,0,
37,2025-12-05 06:06:10.000,10.961175918579102,sat,0,
38,2025-12-05 06:06:20.000,10.881549835205078,sat,0,
39,2025-12-05 06:06:30.000,10.801590919494629,sat,0,
40,2025-12-05 06:06:40.000,10.72132682800293,sat,0,
41,2025-12-05 06:06:50.000,10.640786170959473,sat,0,
42,2025-12-05 06:07:00.000,10.559996604919434,sat,0,
43,2025-12-05 06:07:10.000,10.478989601135254,sat,0,
44,2025-12-05 06:07:20.000,10.397794723510742,sat,0,
45,2025-12-05 06:07:30.000,10.31644344329834,sat,0,
46,2025-12-05 06:07:40.000,10.234969139099121,sat,0,
47,2025-12-05 06:07:50.000,10.153403282165527,sat,1,-0.08156585693359375
48,2025-12-05 06:08:00.000,10.071779251098633,sat,0,
49,2025-12-05 06:08:10.000,9.990133285522461,sat,0,
50,2025-12-05 06:08:20.000,9.908499717712402,sat,0,
51,2025-12-05 06:08:30.000,19.415639877319336,sat,1,9.507140159606934
52,2025-12-05 06:08:40.000,19.24965763092041,sat,0,
53,2025-12-05 06:08:50.000,19.08378791809082,sat,0,
54,2025-12-05 06:09:00.000,18.918107986450195,sat,0,
55,2025-12-05 06:09:10.000,18.752694129943848,sat,0,
56,2025-12-05 06:09:20.000,18.58762550354004,sat,0,
57,2025-12-05 06:09:30.000,18.42298698425293,sat,0,
58,2025-12-05 06:09:40.000,18.25886058807373,sat,0,
59,2025-12-05 06:09:50.000,18.095332145690918,sat,0,
60,2025-12-05 06:10:00.000,17.93249225616455,sat,0,
61,2025-12-05 06:10:10.000,24.565381050109863,sat,1,6.6328887939453125
62,2025-12-05 06:10:20.000,24.397120475769043,sat,1,-0.1682605743408203
63,2025-12-05 06:10:30.000,24.27296209335327,sat,0,
64,2025-12-05 06:10:40.000,24.192011833190918,sat,0,
65,2025-12-05 06:10:50.000,24.152223110198975,sat,0,
66,2025-12-05 06:11:00.000,24.150673866271973,sat,0,
67,2025-12-05 06:11:10.000,24.183897495269775,sat,0,
68,2025-12-05 06:11:20.000,23.520360946655273,sat,1,-0.663536548614502
69,2025-12-05 06:11:30.000,23.37558937072754,sat,0,
70,2025-12-05 06:11:40.000,23.229697227478027,sat,0,
71,2025-12-05 06:11:50.000,23.08272647857666,sat,0,
72,2025-12-05 06:12:00.000,22.934724807739258,sat,0,
73,2025-12-05 06:12:10.000,22.785738945007324,sat,0,
74,2025-12-05 06:12:20.000,22.635815620422363,sat,0,
75,2025-12-05 06:12:30.000,22.485004425048828,sat,0,
76,2025-12-05 06:12:40.000,22.33335590362549,sat,0,
77,2025-12-05 06:12:50.000,22.180919647216797,sat,0,
78,2025-12-05 06:13:00.000,12.001541137695312,sat,1,-10.179378509521484
79,2025-12-05 06:13:10.000,11.929174423217773,sat,0,
80,2025-12-05 06:13:20.000,11.856154441833496,sat,0,
81,2025-12-05 06:13:30.000,11.782500267028809,sat,0,
82,2025-12-05 06:13:40.000,11.708231925964355,sat,0,
83,2025-12-05 06:13:50.000,11.63337230682373,sat,0,
84,2025-12-05 06:14:00.000,11.557940483093262,sat,0,
85,2025-12-05 06:14:10.000,11.48196029663086,sat,0,
86,2025-12-05 06:14:20.000,11.405452728271484,sat,0,
87,2025-12-05 06:14:30.000,11.328441619873047,sat,0,
88,2025-12-05 06:14:40.000,11.25094985961914,sat,0,
89,2025-12-05 06:14:50.000,11.173002243041992,sat,0,
90,2025-12-05 06:15:00.000,11.094623565673828,sat,0,
91,2025-12-05 06:15:10.000,11.015838623046875,sat,0,
92,2025-12-05 06:15:20.000,10.936673164367676,sat,0,
93,2025-12-05 06:15:30.000,10.85715389251709,sat,0,
94,2025-12-05 06:15:40.000,10.777308464050293,sat,0,
95,2025-12-05 06:15:50.000,10.697164535522461,sat,0,
96,2025-12-05 06:16:00.000,10.61674976348877,sat,0,
97,2025-12-05 06:16:10.000,10.536094665527344,sat,0,
98,2025-12-05 06:16:20.000,20.747843742370605,sat,1,10.211749076843262
99,2025-12-05 06:16:30.000,20.58267116546631,sat,0,
100,2025-12-05 06:16:40.000,20.417073249816895,sat,0,
101,2025-12-05 06:16:50.000,20.251112937927246,sat,0,
102,2025-12-05 06:17:00.000,20.08485507965088,sat,0,
103,2025-12-05 06:17:10.000,19.918363571166992,sat,0,
104,2025-12-05 06:17:20.000,19.751707077026367,sat,0,
105,2025-12-05 06:17:30.000,19.584954261779785,sat,0,
106,2025-12-05 06:17:40.000,19.418176651000977,sat,0,
107,2025-12-05 06:17:50.000,19.25144672393799,sat,0,
108,2025-12-05 06:18:00.000,19.084837913513184,sat,0,
109,2025-12-05 06:18:10.000,18.918429374694824,sat,0,
110,2025-12-05 06:18:20.000,18.752297401428223,sat,0,
111,2025-12-05 06:18:30.000,18.586523056030273,sat,0,
112,2025-12-05 06:18:40.000,18.42119026184082,sat,0,
113,2025-12-05 06:18:50.000,18.256381034851074,sat,0,
114,2025-12-05 06:19:00.000,18.09218406677246,sat,0,
115,2025-12-05 06:19:10.000,17.92868995666504,sat,0,
116,2025-12-05 06:19:20.000,17.765987396240234,sat,0,
117,2025-12-05 06:19:30.000,24.37784433364868,sat,1,6.611856937408447
118,2025-12-05 06:19:40.000,24.262481212615967,sat,1,-0.11536312103271484
119,2025-12-05 06:19:50.000,24.189648151397705,sat,0,
120,2025-12-05 06:20:00.000,24.157151699066162,sat,0,
121,2025-12-05 06:20:10.000,23.781785011291504,sat,1,-0.3753666877746582
122,2025-12-05 06:20:20.000,23.6389217376709,sat,0,
123,2025-12-05 06:20:30.000,23.49485683441162,sat,0,
124,2025-12-05 06:20:40.000,23.34963321685791,sat,0,
125,2025-12-05 06:20:50.000,23.203295707702637,sat,0,
126,2025-12-05 06:21:00.000,23.055888175964355,sat,0,
127,2025-12-05 06:21:10.000,22.907455444335938,sat,0,
128,2025-12-05 06:21:20.000,22.75804615020752,sat,0,
129,2025-12-05 06:21:30.000,22.607707023620605,sat,0,
130,2025-12-05 06:21:40.000,22.456488609313965,sat,0,
131,2025-12-05 06:21:50.000,22.304439544677734,sat,0,
132,2025-12-05 06:22:00.000,22.151613235473633,sat,0,
133,2025-12-05 06:22:10.000,21.998062133789062,sat,0,
134,2025-12-05 06:22:20.000,21.843839645385742,sat,0,
135,2025-12-05 06:22:30.000,21.689001083374023,sat,0,
136,2025-12-05 06:22:40.000,21.533605575561523,sat,0,
137,2025-12-05 06:22:50.000,21.37770938873291,sat,0,
138,2025-12-05 06:23:00.000,21.221373558044434,sat,0,
139,2025-12-05 06:23:10.000,21.06465721130371,sat,0,
140,2025-12-05 06:23:20.000,20.907625198364258,sat,0,
141,2025-12-05 06:23:30.000,20.750340461730957,sat,1,-0.15728473663330078
142,2025-12-05 06:23:40.000,20.592869758605957,sat,0,
143,2025-12-05 06:23:50.000,20.43527889251709,sat,0,
144,2025-12-05 06:24:00.000,20.27763843536377,sat,0,
145,2025-12-05 06:24:10.000,20.120018005371094,sat,0,
146,2025-12-05 06:24:20.000,19.962488174438477,sat,0,
147,2025-12-05 06:24:30.000,21.307781219482422,sat,1,1.3452930450439453
148,2025-12-05 06:24:40.000,21.294797897338867,sat,0,
149,2025-12-05 06:24:50.000,21.299628257751465,sat,0,
150,2025-12-05 06:25:00.000,21.143014907836914,sat,1,-0.15661334991455078
151,2025-12-05 06:25:10.000,20.979514122009277,sat,0,
152,2025-12-05 06:25:20.000,20.815420150756836,sat,0,
153,2025-12-05 06:25:30.000,20.650790214538574,sat,0,
154,2025-12-05 06:25:40.000,20.485684394836426,sat,0,
155,2025-12-05 06:25:50.000,20.320162773132324,sat,0,
156,2025-12-05 06:26:00.000,20.15428924560547,sat,0,
157,2025-12-05 06:26:10.000,19.988126754760742,sat,0,
158,2025-12-05 06:26:20.000,19.82174301147461,sat,0,
159,2025-12-05 06:26:30.000,19.655202865600586,sat,0,
160,2025-12-05 06:26:40.000,19.488577842712402,sat,0,
161,2025-12-05 06:26:50.000,19.32193946838379,sat,0,
162,2025-12-05 06:27:00.000,19.15535831451416,sat,0,
163,2025-12-05 06:27:10.000,18.988910675048828,sat,0,
164,2025-12-05 06:27:20.000,18.822673797607422,sat,0,
165,2025-12-05 06:27:30.000,18.656726837158203,sat,0,
166,2025-12-05 06:27:40.000,18.491147994995117,sat,0,
167,2025-12-05 06:27:50.000,18.326022148132324,sat,0,
168,2025-12-05 06:28:00.000,18.1614351272583,sat,0,
169,2025-12-05 06:28:10.000,17.997471809387207,sat,0,
170,2025-12-05 06:28:20.000,17.834223747253418,sat,0,
171,2025-12-05 06:28:30.000,13.45601511001587,sat,1,-4.378208637237549
172,2025-12-05 06:28:40.000,13.38382863998413,sat,1,-0.07218647003173828
173,2025-12-05 06:28:50.000,13.355686664581299,sat,0,
174,2025-12-05 06:29:00.000,24.052454948425293,sat,1,10.696768283843994
175,2025-12-05 06:29:10.000,23.91196346282959,sat,0,
176,2025-12-05 06:29:20.000,23.770200729370117,sat,0,
177,2025-12-05 06:29:30.000,23.62720775604248,sat,0,
178,2025-12-05 06:29:40.000,23.4830265045166,sat,0,
179,2025-12-05 06:29:50.000,23.33769989013672,sat,0,
180,2025-12-05 06:30:00.000,23.191271781921387,sat,0,
181,2025-12-05 06:30:10.000,23.043787002563477,sat,0,
182,2025-12-05 06:30:20.000,22.895292282104492,sat,0,
183,2025-12-05 06:30:30.000,22.745832443237305,sat,0,
184,2025-12-05 06:30:40.000,22.595458984375,sat,0,
185,2025-12-05 06:30:50.000,22.444220542907715,sat,0,
186,2025-12-05 06:31:00.000,22.292166709899902,sat,0,
187,2025-12-05 06:31:10.000,22.139349937438965,sat,0,
188,2025-12-05 06:31:20.000,21.985824584960938,sat,0,
189,2025-12-05 06:31:30.000,21.831643104553223,sat,0,
190,2025-12-05 06:31:40.000,21.67686367034912,sat,0,
191,2025-12-05 06:31:50.000,21.521541595458984,sat,0,
192,2025-12-05 06:32:00.000,21.36573600769043,sat,0,
193,2025-12-05 06:32:10.000,21.209507942199707,sat,0,
194,2025-12-05 06:32:20.000,21.05291748046875,sat,0,
195,2025-12-05 06:32:30.000,20.896028518676758,sat,0,
196,2025-12-05 06:32:40.000,20.738906860351562,sat,1,-0.1571216583251953
197,2025-12-05 06:32:50.000,20.58161449432373,sat,0,
198,2025-12-05 06:33:00.000,20.424222946166992,sat,0,
199,2025-12-05 06:33:10.000,20.266799926757812,sat,0,
200,2025-12-05 06:33:20.000,20.109414100646973,sat,0,
201,2025-12-05 06:33:30.000,19.9521427154541,sat,0,
202,2025-12-05 06:33:40.000,21.283187866210938,sat,1,1.331045150756836
203,2025-12-05 06:33:50.000,21.27450656890869,sat,0,
204,2025-12-05 06:34:00.000,21.28365135192871,sat,0,
205,2025-12-05 06:34:10.000,21.146509170532227,sat,1,-0.13714218139648438
206,2025-12-05 06:34:20.000,20.983128547668457,sat,0,
207,2025-12-05 06:34:30.000,20.81917381286621,sat,0,
208,2025-12-05 06:34:40.000,20.654701232910156,sat,0,
209,2025-12-05 06:34:50.000,20.489770889282227,sat,0,
210,2025-12-05 06:35:00.000,20.324443817138672,sat,0,
211,2025-12-05 06:35:10.000,20.158784866333008,sat,0,
212,2025-12-05 06:35:20.000,19.9928560256958,sat,0,
213,2025-12-05 06:35:30.000,19.826725959777832,sat,0,
214,2025-12-05 06:35:40.000,19.660460472106934,sat,0,
215,2025-12-05 06:35:50.000,19.49413299560547,sat,0,
216,2025-12-05 06:36:00.000,19.327811241149902,sat,0,
217,2025-12-05 06:36:10.000,19.161568641662598,sat,0,
218,2025-12-05 06:36:20.000,18.995484352111816,sat,0,
219,2025-12-05 06:36:30.000,18.82963275909424,sat,0,
220,2025-12-05 06:36:40.000,18.66409206390381,sat,0,
221,2025-12-05 06:36:50.000,18.49894618988037,sat,0,
222,2025-12-05 06:37:00.000,18.334277153015137,sat,0,
223,2025-12-05 06:37:10.000,18.170169830322266,sat,0,
224,2025-12-05 06:37:20.000,18.0067138671875,sat,0,
225,2025-12-05 06:37:30.000,17.84399700164795,sat,0,
226,2025-12-05 06:37:40.000,13.44713306427002,sat,1,-4.39686393737793
227,2025-12-05 06:37:50.000,13.38545274734497,sat,0,
228,2025-12-05 06:38:00.000,13.367727279663086,sat,0,
229,2025-12-05 06:38:10.000,13.392316818237305,sat,0,
230,2025-12-05 06:38:20.000,23.861783027648926,sat,1,10.469466209411621
231,2025-12-05 06:38:30.000,23.719615936279297,sat,0,
232,2025-12-05 06:38:40.000,23.576223373413086,sat,0,
233,2025-12-05 06:38:50.000,23.431649208068848,sat,0,
234,2025-12-05 06:39:00.000,23.285935401916504,sat,0,
235,2025-12-05 06:39:10.000,23.139124870300293,sat,0,
236,2025-12-05 06:39:20.000,22.99126625061035,sat,0,
237,2025-12-05 06:39:30.000,22.842402458190918,sat,0,
238,2025-12-05 06:39:40.000,22.69258213043213,sat,0,
239,2025-12-05 06:39:50.000,22.541854858398438,sat,0,
240,2025-12-05 06:40:00.000,22.390268325805664,sat,0,
241,2025-12-05 06:40:10.000,22.237875938415527,sat,0,
242,2025-12-05 06:40:20.000,22.08472728729248,sat,0,
243,2025-12-05 06:40:30.000,21.93087673187256,sat,0,
244,2025-12-05 06:40:40.000,21.77638053894043,sat,0,
245,2025-12-05 06:40:50.000,21.621294021606445,sat,0,
246,2025-12-05 06:41:00.000,21.465672492980957,sat,0,
247,2025-12-05 06:41:10.000,21.309578895568848,sat,0,
248,2025-12-05 06:41:20.000,21.1530704498291,sat,0,
249,2025-12-05 06:41:30.000,20.996211051940918,sat,0,
250,2025-12-05 06:41:40.000,20.839061737060547,sat,0,
251,2025-12-05 06:41:50.000,20.681689262390137,sat,1,-0.15737247467041016
252,2025-12-05 06:42:00.000,20.524158477783203,sat,0,
253,2025-12-05 06:42:10.000,20.366539001464844,sat,0,
254,2025-12-05 06:42:20.000,20.20889949798584,sat,0,
255,2025-12-05 06:42:30.000,20.051311492919922,sat,0,
256,2025-12-05 06:42:40.000,19.89384651184082,sat,0,
257,2025-12-05 06:42:50.000,21.285924911499023,sat,1,1.3920783996582031
258,2025-12-05 06:43:00.000,21.281217575073242,sat,0,
259,2025-12-05 06:43:10.000,21.294203758239746,sat,0,
260,2025-12-05 06:43:20.000,21.16126823425293,sat,1,-0.1329355239868164
261,2025-12-05 06:43:30.000,20.997833251953125,sat,0,
262,2025-12-05 06:43:40.000,20.83383560180664,sat,0,
263,2025-12-05 06:43:50.000,20.669331550598145,sat,0,
264,2025-12-05 06:44:00.000,20.50438404083252,sat,0,
265,2025-12-05 06:44:10.000,20.3390531539917,sat,0,
266,2025-12-05 06:44:20.000,20.1734037399292,sat,0,
267,2025-12-05 06:44:30.000,20.007498741149902,sat,0,
268,2025-12-05 06:44:40.000,19.84140682220459,sat,0,
269,2025-12-05 06:44:50.000,19.67519474029541,sat,0,
270,2025-12-05 06:45:00.000,19.508933067321777,sat,0,
271,2025-12-05 06:45:10.000,19.34269428253174,sat,0,
272,2025-12-05 06:45:20.000,19.17655086517334,sat,0,
273,2025-12-05 06:45:30.000,19.010581016540527,sat,0,
274,2025-12-05 06:45:40.000,18.844861030578613,sat,0,
275,2025-12-05 06:45:50.000,18.679469108581543,sat,0,
276,2025-12-05 06:46:00.000,18.514488220214844,sat,0,
277,2025-12-05 06:46:10.000,18.35000228881836,sat,0,
278,2025-12-05 06:46:20.000,18.18609619140625,sat,0,
279,2025-12-05 06:46:30.000,18.02285861968994,sat,0,
280,2025-12-05 06:46:40.000,17.860380172729492,sat,0,
281,2025-12-05 06:46:50.000,13.426602840423584,sat,1,-4.433777332305908
282,2025-12-05 06:47:00.000,13.373996257781982,sat,0,
283,2025-12-05 06:47:10.000,13.365053653717041,sat,0,
284,2025-12-05 06:47:20.000,13.397922039031982,sat,0,
285,2025-12-05 06:47:30.000,13.469815731048584,sat,0,
286,2025-12-05 06:47:40.000,23.715621948242188,sat,1,10.245806217193604
287,2025-12-05 06:47:50.000,23.57166290283203,sat,0,
288,2025-12-05 06:48:00.000,23.42651653289795,sat,0,
289,2025-12-05 06:48:10.000,23.280223846435547,sat,0,
290,2025-12-05 06:48:20.000,23.132831573486328,sat,0,
291,2025-12-05 06:48:30.000,22.984384536743164,sat,0,
292,2025-12-05 06:48:40.000,22.83492660522461,sat,0,
293,2025-12-05 06:48:50.000,22.684507369995117,sat,0,
294,2025-12-05 06:49:00.000,22.53317642211914,sat,0,
295,2025-12-05 06:49:10.000,22.380980491638184,sat,0,
296,2025-12-05 06:49:20.000,22.22797203063965,sat,0,
297,2025-12-05 06:49:30.000,22.07420539855957,sat,0,
298,2025-12-05 06:49:40.000,21.919730186462402,sat,0,
299,2025-12-05 06:49:50.000,21.76460552215576,sat,0,
300,2025-12-05 06:50:00.000,21.608885765075684,sat,0,
301,2025-12-05 06:50:10.000,21.45262622833252,sat,0,
302,2025-12-05 06:50:20.000,21.295889854431152,sat,0,
303,2025-12-05 06:50:30.000,21.138734817504883,sat,0,
304,2025-12-05 06:50:40.000,20.981223106384277,sat,0,
305,2025-12-05 06:50:50.000,20.82341957092285,sat,0,
306,2025-12-05 06:51:00.000,20.66538715362549,sat,1,-0.15803241729736328
307,2025-12-05 06:51:10.000,20.50719451904297,sat,0,
308,2025-12-05 06:51:20.000,20.348909378051758,sat,0,
309,2025-12-05 06:51:30.000,20.190598487854004,sat,0,
310,2025-12-05 06:51:40.000,20.032337188720703,sat,0,
311,2025-12-05 06:51:50.000,21.307930946350098,sat,1,1.2755937576293945
312,2025-12-05 06:52:00.000,21.286646842956543,sat,0,
313,2025-12-05 06:52:10.000,21.283408164978027,sat,0,
314,2025-12-05 06:52:20.000,21.249509811401367,sat,1,-0.033898353576660156
315,2025-12-05 06:52:30.000,21.085684776306152,sat,0,
316,2025-12-05 06:52:40.000,20.921234130859375,sat,0,
317,2025-12-05 06:52:50.000,20.756217002868652,sat,0,
318,2025-12-05 06:53:00.000,20.590689659118652,sat,0,
319,2025-12-05 06:53:10.000,20.42471408843994,sat,0,
320,2025-12-05 06:53:20.000,20.258353233337402,sat,0,
321,2025-12-05 06:53:30.000,20.0916690826416,sat,0,
322,2025-12-05 06:53:40.000,19.924728393554688,sat,0,
323,2025-12-05 06:53:50.000,19.75759792327881,sat,0,
324,2025-12-05 06:54:00.000,19.590343475341797,sat,0,
325,2025-12-05 06:54:10.000,19.42304039001465,sat,0,
326,2025-12-05 06:54:20.000,19.255757331848145,sat,0,
327,2025-12-05 06:54:30.000,19.08856964111328,sat,0,
328,2025-12-05 06:54:40.000,18.921554565429688,sat,0,
329,2025-12-05 06:54:50.000,18.75478744506836,sat,0,
330,2025-12-05 06:55:00.000,18.58835220336914,sat,0,
331,2025-12-05 06:55:10.000,18.422327995300293,sat,0,
332,2025-12-05 06:55:20.000,18.256800651550293,sat,0,
333,2025-12-05 06:55:30.000,18.091856002807617,sat,0,
334,2025-12-05 06:55:40.000,17.92758274078369,sat,0,
335,2025-12-05 06:55:50.000,17.764071464538574,sat,0,
336,2025-12-05 06:56:00.000,13.401185512542725,sat,1,-4.36288595199585
337,2025-12-05 06:56:10.000,13.351014614105225,sat,0,
338,2025-12-05 06:56:20.000,13.34443998336792,sat,0,
339,2025-12-05 06:56:30.000,13.379528999328613,sat,0,
340,2025-12-05 06:56:40.000,13.453444004058838,sat,0,
341,2025-12-05 06:56:50.000,23.355552673339844,sat,1,9.902108669281006
342,2025-12-05 06:57:00.000,23.207239151000977,sat,0,
343,2025-12-05 06:57:10.000,23.057812690734863,sat,0,
344,2025-12-05 06:57:20.000,22.90731906890869,sat,0,
345,2025-12-05 06:57:30.000,22.75580406188965,sat,0,
346,2025-12-05 06:57:40.000,22.60331630706787,sat,0,
347,2025-12-05 06:57:50.000,22.449904441833496,sat,0,
348,2025-12-05 06:58:00.000,22.295618057250977,sat,0,
349,2025-12-05 06:58:10.000,22.14051055908203,sat,0,
350,2025-12-05 06:58:20.000,21.98463249206543,sat,0,
351,2025-12-05 06:58:30.000,21.82804012298584,sat,0,
352,2025-12-05 06:58:40.000,21.670788764953613,sat,0,
353,2025-12-05 06:58:50.000,21.512935638427734,sat,0,
354,2025-12-05 06:59:00.000,21.354538917541504,sat,0,
355,2025-12-05 06:59:10.000,21.195659637451172,sat,0,
356,2025-12-05 06:59:20.000,21.036357879638672,sat,0,
357,2025-12-05 06:59:30.000,20.876700401306152,sat,0,
358,2025-12-05 06:59:40.000,20.716751098632812,sat,0,
359,2025-12-05 06:59:50.000,20.556577682495117,sat,0,
